house,hood,pear,lamp
firefight,sheep,climbing,pond
tattoo,doe,clothing,banana
child,shirt,tail,menu
down,guide,love,memory
father,internet,snack,captain
passion,field,flute,crab
cabin,old,tiger,alliance
flask,marriage,target,leak
champion,permanent,cannon,potato
rich,star,handicap,lion
pine,spicy,hat,large
raft,suspect,mobile,oak
stage,hearing,ladle,hearth
castle,frost,plastic,detergent
metal,lighthouse,hero,emergency
rat,gate,ray,boot
minor,white,fable,cavalry
revenge,watch,motor,heel
cloud,cheese,illness,column
waiter,fool,animal,map
apple,common,exhibition,ship
dessert,god,bank,lava
vision,blue,tunnel,dress
market,arrow,shadow,picture
summer,species,temple,suit
face,butterfly,road,cocktail
technology,edge,beer,marker
herbs,dresser,suitcase,judge
log,master,skin,border
card,porcelain,pump,season
basket,weak,knight,toy
winter,island,high,foot
bottle,group,beard,north
bubble,poetry,sweet,nest
trash,claw,mud,grenade
match,mother,rope,paradise
slide,snail,dynamite,pliers
ink,stitches,garden,spear
candle,antiquity,exit,plant
blood,microscope,report,string
wish,buckle,sword,grease
shield,inspection,history,day
magic,slow,bay,pipe
tennis,shop,file,magnet
limit,pirate,crossroads,instrument
storm,pad,soldier,ghost
business,dish,myth,big
science,cross,hot,dwarf
apron,cube,degree,siren
band,bone,marine,spring
octopus,wright,forest,display
fair,dirty,medal,wave
thunder,straw,religion,promotion
umbrella,adventure,red,line
drink,horse,polar,short
balcony,bag,thin,rice
bump,green,pie,cage
console,voice,recipient,cell
lightning,phone,music,cantina
accessory,brain,alarm,space
wool,dungeon,ring,cane
bin,forbidden,hammer,drawing
angel,key,bed,zoo
safari,sewer,engine,letter
napkin,perfume,chariot,limb
hardware,ticket,witness,sausage
quilt,soap,full,branch
elastic,triangle,weather,order
operation,bar,strong,knife
morning,head,device,beach
town,sky,spice,detective
life,heavy,tea,room
wind,china,belt,bark
duck,trim,barracks,kiss
farm,helmet,strength,couch
tiny,feather,pan,orange
ladybug,restaurant,painting,speaker
sharp,carton,snake,belgium
wood,skeleton,hole,march
universe,chameleon,wheel,balance
curtain,charge,antarctica,armor
door,cow,circle,sock
nut,bath,nerve,plane
boss,color,rifle,post
bench,patron,stud,camera
berry,throne,spy,tube
root,screen,beast,volcano
wild,bell,fruit,whale
shovel,end,commerce,trophy
rose,volume,ammo,vacation
grape,shower,utensil,middle
pig,sage,trade,rail
thief,theater,smell,oar
fashion,movie,tile,bite
monster,body,cat,record
past,flash,capital,doll
ocean,camouflage,salad,young
alcohol,nude,well,rooster
puzzle,cougar,stone,coffee
cup,jump,dream,cinema
ireland,medusa,lighter,shelter
window,uniform,whip,human
mass,photo,orchard,scene
yellow,toilet,earth,mouse
bedroom,mustard,apprentice,heritage
ruler,mail,revolution,fry
currency,mirage,airport,sport
bucket,barn,explorer,giant
honey,desert,paper,virus
appetite,war,heart,gas
gray,forecast,screw,tomato
demon,revolver,jelly,computer
assassin,powder,labyrinth,party
church,table,mushroom,truck
attic,dough,queen,water
covered,furniture,comforter,brown
flea,cookie,craft,shell
gift,library,bomb,food
iron,whirlwind,wine,boat
fishing,brush,travel,flower
turtle,statue,grain,shed
necklace,oil,vampire,cushion
garbage,car,small,humor
cigarette,stick,country,secret
radio,crow,hand,river
mountain,dictator,ambulance,fox
wing,snow,scissors,palace
ball,night,tree,school
walk,chick,fountain,ice
bridge,defense,piano,sense
pepper,fast,light,case
astronaut,fish,padlock,inside
sugar,port,gamble,mask
reptile,major,dead,radar
tornado,spider,transport,shelf
robot,america,wand,pigeon
park,donkey,virgin,mug
drum,fire,sister,hotel
soft,poison,diamond,book
hard,kitchen,finger,note
swing,bottom,leaf,career
axe,board,button,union
chain,cold,advocate,fur
salt,cotton,chef,square
chocolate,office,pair,protect
jewel,summit,bug,genius
tent,noodle,weapon,bakery
mint,recent,layer,devil
cavern,shark,feed,ear
mouth,blade,peace,bowl
roll,hook,fuel,luck
lady,blanket,pearl,carrot
patio,africa,liquid,twins
moist,sunday,wolf,guardian
skull,award,fly,calendar
eye,sea,bouquet,box
size,camp,crescent,outlet
police,double,silence,air
pocket,suite,missile,comedy
solitary,grave,train,bear
tool,hall,heroine,hair
race,closet,rain,asset
boxing,first,fever,building
landscape,champagne,canada,cockroach
candy,court,danger,grass
military,dinosaur,birthday,press
hospital,roast,essence,joke
charm,tame,flour,sail
rabbit,fault,france,physical
violin,fairy,cuddle,new
work,cream,laser,arm
bang,owl,ruin,stamp
sponge,black,hunt,thread
victory,dragon,europe,repair
decor,recipe,blonde,trailer
king,place,glasses,syrup
beef,doctor,mark,chair
nurse,sticky,bird,treasure
hide,casino,mind,moon
newspaper,bus,egg,nail
chimney,clean,story,jar
ramp,television,lemon,dog
curry,manual,autumn,machine
soup,game,canvas,punch
vegetable,foam,handle,talent
oven,entry,round,sand
baby,sight,base,subway
hobbies,series,glass,turn
cabbage,stunt,month,stroke
tobacco,clown,feline,garage
friend,bill,tank,challenge
concert,cable,basement,sun
prison,matter,crown,dance
station,threat,delivery,song
pilot,skate,circus,ladder
frame,weight,pumpkin,jungle
cemetery,bracelet,deep,region
actor,lock,schedule,guitar
magician,studio,cave,mosquito
paintbrush,nightmare,chest,pit
wizard,attraction,rake,tongue
explosion,top,show,diet
ballroom,hen,bike,mirror
mustache,surgeon,silver,pizza
bread,chess,mummy,flight
cactus,bulb,cake,princess
lake,sound,gold,melon
blank,oasis,cereal,evening
needle,knot,butcher,smoke
pyramid,club,loop,stylist
taste,hell,track,milk
archeology,cork,front,plush
glove,shape,ground,asia
wheat,museum,roof,canal
sleeve,parrot,family,flame
crane,district,lazy,stocks
broom,tradition,bronze,saber
battery,carpet,laugh,luxury
envelop,turnip,brother,grate
